Wall time,Step,Value
1588663865.7127125,0,30.733333587646484
1588663868.5802522,10,184.0
1588663871.4563656,20,200.0
1588663874.2818475,30,200.0
1588663877.0913036,40,200.0
1588663879.973511,50,200.0
1588663882.9363942,60,200.0
1588663885.7424364,70,200.0
1588663888.5202188,80,200.0
1588663891.3212543,90,200.0
