Wall time,Step,Value
1588663823.8008502,0,20.950000762939453
1588663826.271001,10,186.3333282470703
1588663828.8252785,20,145.6666717529297
1588663831.2975683,30,200.0
1588663833.6603541,40,200.0
1588663836.0166698,50,200.0
1588663838.4012222,60,200.0
1588663840.78443,70,200.0
1588663843.1488793,80,200.0
1588663845.5018196,90,200.0
