Wall time,Step,Value
1588663785.100582,0,12.21212100982666
1588663786.6229644,10,9.690476417541504
1588663788.164784,20,9.372093200683594
1588663789.6979458,30,9.372093200683594
1588663791.2338707,40,9.325581550598145
1588663792.7589886,50,9.302325248718262
1588663794.2874148,60,9.25
1588663795.8105042,70,9.372093200683594
1588663797.343627,80,9.511628150939941
1588663798.8879626,90,9.25
