Wall time,Step,Value
1588663907.9134595,0,30.733333587646484
1588663910.4887893,10,171.3333282470703
1588663912.9735432,20,200.0
1588663915.4008415,30,200.0
1588663917.8023524,40,200.0
1588663920.2605906,50,200.0
1588663922.804351,60,158.0
1588663925.367328,70,200.0
1588663927.9867876,80,200.0
1588663930.447625,90,200.0
